<?xml version="1.0" encoding="utf-8"?>
<menu xmlns:xsi="http://www.w3.org/2001/XMLSchema-instance"
      xsi:noNamespaceSchemaLocation="https://raw.githubusercontent.com/shopware/shopware/5.3/engine/Shopware/Components/Plugin/schema/menu.xsd">
    <entries>
        <entry>
            <name>AdyenPaymentNotificationsListingExtension</name>
            <label lang="en">Adyen Notifications</label>
            <controller>AdyenPaymentNotificationsListingExtension</controller>
            <action>index</action>
            <class>sprite-mail-share</class>
            <parent identifiedBy="controller">ConfigurationMenu</parent>
        </entry>
    </entries>
</menu>
