<?xml version="1.0" ?>
<container xmlns="http://symfony.com/schema/dic/services"
           xmlns:xsi="http://www.w3.org/2001/XMLSchema-instance"
           xsi:schemaLocation="http://symfony.com/schema/dic/services http://symfony.com/schema/dic/services/services-1.0.xsd">
    <!-- Do NOT multiline parameter values -->
    <parameters>
        <parameter key="apple_pay.merchant_association.base_uri">https://eu.adyen.link</parameter>
        <parameter key="apple_pay.merchant_association.storage_path">%kernel.root_dir%/.well-known/apple-developer-merchantid-domain-association</parameter>
        <parameter key="apple_pay.merchant_association.archive_path">%adyen_payment.plugin_dir%/storage/apple-developer-merchantid-domain-association.archive</parameter>
    </parameters>

    <services>
        <service id="AdyenPayment\Applepay\MerchantAssociation\StorageFilesystem" public="true">
            <argument type="service" id="file_system"/>
            <argument>%apple_pay.merchant_association.storage_path%</argument>
        </service>

        <service id="AdyenPayment\Applepay\MerchantAssociation\RewriteUrl\SeoUrlWriter">
            <argument type="service" id="modules"/>
        </service>

        <!-- Installers -->
        <service id="AdyenPayment\Applepay\MerchantAssociation\MerchantAssociationFileInstaller" public="true">
            <argument type="service" id="AdyenPayment\Applepay\MerchantAssociation\InstallHandler\DownloadInstaller"/>
            <argument type="service" id="AdyenPayment\Applepay\MerchantAssociation\InstallHandler\ArchiveInstaller"/>
        </service>
        <service id="AdyenPayment\Applepay\MerchantAssociation\TraceableFileInstaller"
                 decorates="AdyenPayment\Applepay\MerchantAssociation\MerchantAssociationFileInstaller">
            <argument type="service" id="AdyenPayment\Applepay\MerchantAssociation\TraceableFileInstaller.inner"/>
            <argument type="service" id="adyen_payment.logger"/>
        </service>
        <service id="AdyenPayment\Applepay\MerchantAssociation\InstallHandler\DownloadInstaller">
            <argument type="service" id="http_client"/>
            <argument type="service" id="AdyenPayment\Applepay\MerchantAssociation\StorageFilesystem"/>
            <argument type="service" id="adyen_payment.logger"/>
            <argument key="$baseUri">%apple_pay.merchant_association.base_uri%</argument>
        </service>
        <service id="AdyenPayment\Applepay\MerchantAssociation\InstallHandler\ArchiveInstaller">
            <argument>%apple_pay.merchant_association.archive_path%</argument>
            <argument type="service" id="AdyenPayment\Applepay\MerchantAssociation\StorageFilesystem"/>
        </service>
    </services>
</container>
