<?xml version="1.0" ?>
<container xmlns="http://symfony.com/schema/dic/services"
           xmlns:xsi="http://www.w3.org/2001/XMLSchema-instance"
           xsi:schemaLocation="http://symfony.com/schema/dic/services http://symfony.com/schema/dic/services/services-1.0.xsd">
    <services>
        <service id="AdyenPayment\Dbal\OrderDetailAttributes">
            <argument type="service" id="db"/>
        </service>
        <service id="AdyenPayment\Dbal\BasketDetailAttributes">
            <argument type="service" id="db"/>
        </service>
        <service id="AdyenPayment\Dbal\Writer\Payment\PaymentMeansSubShopsWriter">
            <argument type="service" id="db"/>
        </service>
        <service id="AdyenPayment\Dbal\Remover\PaymentMeanSubShopRemover">
            <argument type="service" id="db"/>
        </service>
    </services>
</container>
