<?xml version="1.0" ?>
<container xmlns="http://symfony.com/schema/dic/services"
           xmlns:xsi="http://www.w3.org/2001/XMLSchema-instance"
           xsi:schemaLocation="http://symfony.com/schema/dic/services http://symfony.com/schema/dic/services/services-1.0.xsd">
    <services>
        <service id="AdyenPayment\Import\PaymentMethodImporter" public="true">
            <argument type="service" id="AdyenPayment\Components\Adyen\PaymentMethod\PaymentMethodsProvider"/>
            <argument type="expression">service('models').getRepository('Shopware\\Models\\Shop\\Shop')</argument>
            <argument type="service" id="AdyenPayment\Rule\AdyenApi\UsedFallbackConfigRule" />
            <argument type="service" id="AdyenPayment\Doctrine\Writer\PaymentMethodWriter"/>
            <argument type="service" id="AdyenPayment\Dbal\Writer\Payment\PaymentMeansSubShopsWriter"/>
        </service>
        <service id="AdyenPayment\Import\TraceablePaymentMethodImporter"
                 decorates="AdyenPayment\Import\PaymentMethodImporter">
            <argument type="service" id="AdyenPayment\Import\TraceablePaymentMethodImporter.inner"/>
            <argument type="service" id="adyen_payment.logger"/>
        </service>
    </services>
</container>

