<?xml version="1.0" ?>
<container xmlns="http://symfony.com/schema/dic/services"
           xmlns:xsi="http://www.w3.org/2001/XMLSchema-instance"
           xsi:schemaLocation="http://symfony.com/schema/dic/services http://symfony.com/schema/dic/services/services-1.0.xsd">
    <services>
        <service id="AdyenPayment\Components\Manager\AdyenManager" public="true">
            <argument type="service" id="models"/>
        </service>
        <service id="AdyenPayment\Components\NotificationManager">
            <argument type="service" id="models"/>
        </service>
        <service id="AdyenPayment\Components\Manager\OrderManager" public="true">
            <argument type="service" id="models"/>
        </service>
        <service id="AdyenPayment\Components\Manager\OrderManagerInterface" alias="AdyenPayment\Components\Manager\OrderManager" public="true" />
        <service id="AdyenPayment\Components\TextNotificationManager">
            <argument type="service" id="models"/>
        </service>
        <service id="AdyenPayment\Components\IncomingNotificationManager" public="true">
            <argument type="service" id="adyen_payment.logger.notifications"/>
            <argument type="service" id="AdyenPayment\Components\Builder\NotificationBuilder"/>
            <argument type="service" id="models"/>
            <argument type="service" id="AdyenPayment\Components\NotificationManager"/>
        </service>
        <service id="AdyenPayment\Components\Manager\UserPreferenceManager">
            <argument type="service" id="models"/>
        </service>
    </services>
</container>
