<?xml version="1.0" ?>
<container xmlns="http://symfony.com/schema/dic/services" xmlns:xsi="http://www.w3.org/2001/XMLSchema-instance"
    xsi:schemaLocation="http://symfony.com/schema/dic/services http://symfony.com/schema/dic/services/services-1.0.xsd">
    <services>
        <service id="AdyenPayment\Components\Payload\PaymentPayloadProvider"
            class="AdyenPayment\Components\Payload\Chain" public="true">
            <argument type="service" id="AdyenPayment\Components\Payload\Providers\ApplicationInfoProvider"/>
            <argument type="service" id="AdyenPayment\Components\Payload\Providers\ShopperInfoProvider"/>
            <argument type="service" id="AdyenPayment\Components\Payload\Providers\OrderInfoProvider"/>
            <argument type="service" id="AdyenPayment\Components\Payload\Providers\PaymentMethodProvider"/>
            <argument type="service" id="AdyenPayment\Components\Payload\Providers\LineItemsInfoProvider"/>
            <argument type="service" id="AdyenPayment\Components\Payload\Providers\BrowserInfoProvider"/>
            <argument type="service" id="AdyenPayment\Components\Payload\Providers\StorePaymentProvider"/>
            <argument type="service" id="AdyenPayment\Components\Payload\Providers\RecurringPaymentProvider"/>
        </service>

        <service id="AdyenPayment\Components\Payload\RecurringOneOffPaymentTokenProvider"
            class="AdyenPayment\Components\Payload\Chain" public="true">
            <argument type="service" id="AdyenPayment\Components\Payload\Providers\ApplicationInfoProvider"/>
            <argument type="service" id="AdyenPayment\Components\Payload\Providers\ShopperInfoProvider"/>
            <argument type="service" id="AdyenPayment\Components\Payload\Providers\OrderInfoProvider"/>
            <argument type="service" id="AdyenPayment\Components\Payload\Providers\PaymentMethodProvider"/>
            <argument type="service" id="AdyenPayment\Components\Payload\Providers\LineItemsInfoProvider"/>
            <argument type="service" id="AdyenPayment\Components\Payload\Providers\BrowserInfoProvider"/>
            <argument type="service" id="AdyenPayment\Components\Payload\Providers\StorePaymentProvider"/>
            <argument type="service"
                id="AdyenPayment\Components\Payload\Providers\RecurringOneOffPaymentTokenProvider"/>
        </service>

        <service id="AdyenPayment\Components\Payload\Chain"/>

        <service id="AdyenPayment\Components\Payload\Providers\ApplicationInfoProvider" public="true">
            <argument type="service" id="router"/>
            <argument type="service" id="models"/>
            <argument type="service" id="AdyenPayment\Components\Configuration"/>
            <argument type="service" id="adyen_payment.components.shopware_version_check"/>
        </service>

        <service id="AdyenPayment\Components\Payload\Providers\BrowserInfoProvider"/>

        <service id="AdyenPayment\Components\Payload\Providers\LineItemsInfoProvider">
            <argument type="service" id="AdyenPayment\Components\Calculator\PriceCalculationService"/>
        </service>

        <service id="AdyenPayment\Components\Payload\Providers\OrderInfoProvider"/>

        <service id="AdyenPayment\Components\Payload\Providers\PaymentMethodProvider"/>

        <service id="AdyenPayment\Components\Payload\Providers\ShopperInfoProvider"/>

        <service id="AdyenPayment\Components\Payload\Providers\StorePaymentProvider"/>

        <service id="AdyenPayment\Components\Payload\Providers\RecurringPaymentProvider"/>

        <service id="AdyenPayment\Components\Payload\Providers\RecurringOneOffPaymentTokenProvider"/>
    </services>
</container>
