<?xml version="1.0" ?>
<container xmlns="http://symfony.com/schema/dic/services"
           xmlns:xsi="http://www.w3.org/2001/XMLSchema-instance"
           xsi:schemaLocation="http://symfony.com/schema/dic/services http://symfony.com/schema/dic/services/services-1.0.xsd">
    <services>
        <service id="AdyenPayment\Components\Adyen\PaymentMethod\PaymentMethodsProvider">
            <argument type="service" id="AdyenPayment\Components\Configuration"/>
            <argument type="service" id="AdyenPayment\AdyenApi\HttpClient\ClientFactory"/>
            <argument type="service" id="adyen_payment.logger"/>
        </service>
        <service id="AdyenPayment\Components\Adyen\PaymentMethod\StoredPaymentMeanProvider">
            <argument type="service" id="AdyenPayment\Components\Adyen\PaymentMethod\EnrichedPaymentMeanProvider"/>
            <argument type="service" id="dbal_connection"/>
        </service>
    </services>
</container>

