<?xml version="1.0" ?>
<container xmlns="http://symfony.com/schema/dic/services"
           xmlns:xsi="http://www.w3.org/2001/XMLSchema-instance"
           xsi:schemaLocation="http://symfony.com/schema/dic/services http://symfony.com/schema/dic/services/services-1.0.xsd">
    <services>

        <service id="AdyenPayment\Rule\AdyenApi\UsedMainShopConfigRule">
            <argument type="service" id="AdyenPayment\Rule\AdyenApi\UsedFallbackConfigRule"/>
        </service>
        <service id="AdyenPayment\Rule\AdyenApi\UsedFallbackConfigRule" public="true">
            <argument type="expression">service('models').getRepository('Shopware\\Models\\Shop\\Shop')</argument>
            <argument type="service" id="AdyenPayment\Rule\AdyenApi\IsMainShopConfigRule"/>
        </service>

        <service id="AdyenPayment\Rule\AdyenApi\IsMainShopConfigRule"
                 class="AdyenPayment\Rule\AdyenApi\MainShopConfigRuleChain">
            <argument type="service" id="AdyenPayment\Rule\AdyenApi\IsMainShopApiKeyRule"/>
            <argument type="service" id="AdyenPayment\Rule\AdyenApi\IsMainShopMerchantAccountRule"/>
        </service>

        <service id="AdyenPayment\Rule\AdyenApi\IsMainShopApiKeyRule">
            <argument type="service" id="AdyenPayment\Components\Configuration"/>
        </service>
        <service id="AdyenPayment\Rule\AdyenApi\IsMainShopMerchantAccountRule">
            <argument type="service" id="AdyenPayment\Components\Configuration"/>
        </service>
    </services>
</container>
