<?xml version="1.0" ?>
<container xmlns="http://symfony.com/schema/dic/services" xmlns:xsi="http://www.w3.org/2001/XMLSchema-instance"
           xsi:schemaLocation="http://symfony.com/schema/dic/services http://symfony.com/schema/dic/services/services-1.0.xsd">
    <services>
        <service id="AdyenPayment\Session\ErrorMessageProvider" public="true">
            <argument type="service" id="session"/>
        </service>
        <service id="AdyenPayment\Session\CustomerNumberProvider">
            <argument type="service" id="session"/>
            <argument type="service" id="models"/>
        </service>
    </services>
</container>
