<?xml version="1.0" ?>
<container xmlns="http://symfony.com/schema/dic/services" xmlns:xsi="http://www.w3.org/2001/XMLSchema-instance"
           xsi:schemaLocation="http://symfony.com/schema/dic/services http://symfony.com/schema/dic/services/services-1.0.xsd">
    <services>
        <service id="AdyenPayment\Shopware\Plugin\TraceablePluginIdProvider">
            <argument type="service" id="shopware_plugininstaller.plugin_manager"/>
            <argument type="service" id="adyen_payment.logger"/>
        </service>
        <service id="AdyenPayment\Shopware\Provider\PaymentMeansProvider"/>
        <service id="AdyenPayment\Shopware\Provider\CheckoutBasketProvider">
            <argument type="service" id="service_container"/>
            <argument type="service" id="template"/>
        </service>
    </services>
</container>
